Word,Count
street,2
anytown,1
state,1
united,4
states,4
america,1
sample,1
address,7
various,1
words,37
program,6
count,5
times,8
appears,9
might,4
appear,1
multiple,1
punctuation,1
capitalization,2
handled,1
properly,1
common,1
component,1
addresses,2
video,12
provides,6
powerful,3
prove,3
point,3
click,14
online,6
paste,3
embed,3
keyword,3
search,3
document,13
professionally,3
produced,3
header,6
footer,3
cover,6
designs,3
complement,3
other,5
example,3
matching,3
sidebar,3
insert,3
choose,5
elements,4
different,4
galleries,3
themes,3
styles,5
coordinated,3
design,2
theme,6
pictures,2
charts,2
smartart,2
graphics,2
change,6
match,4
apply,2
headings,2
buttons,2
where,6
picture,2
button,2
layout,2
options,2
table,2
column,2
reading,6
easier,2
collapse,2
parts,2
focus,2
before,3
reach,2
remembers,2
another,4
device,2
hello,1
welcome,1
short,2
dictionary,21
comprehensions,5
python,4
comprehension,11
quick,2
build,4
already,3
youve,1
boston,2
kennedy,6
presidential,1
museum,2
library,2
dedicated,1
famous,1
politician,1
called,5
comprehensionspy,8
looks,1
speeches,1
office,2
president,2
addresstxt,4
which,4
actually,4
includes,1
kennedys,2
inauguration,2
again,6
became,1
analyze,1
looking,2
through,1
counts,5
initially,1
empty,1
below,2
using,4
function,3
getwords,1
works,2
simply,3
opens,1
returns,1
individual,2
found,1
instance,4
observe,1
today,1
inside,2
iterate,6
question,2
added,1
increase,1
though,1
every,16
value,3
corresponds,1
shows,1
savecounts,1
wrote,1
myself,2
ahead,1
countscsv,4
output,1
youll,1
right,1
seems,5
start,1
working,1
there,3
notice,1
lowercase,20
elsewhere,1
probably,1
could,13
heres,1
thats,2
capital,1
title,2
those,5
comparing,1
insensitively,1
convert,2
directly,1
maintains,1
really,5
becomes,1
youre,1
familiar,1
changing,1
appending,1
these,2
great,2
transform,2
giving,2
pieces,1
syntax,5
brackets,1
indicate,1
making,2
wouldnt,1
whatever,1
comes,1
country,1
instead,2
certain,1
going,2
element,5
previous,1
transformation,1
simplest,1
english,3
saying,2
composed,1
putting,1
getting,2
exact,1
asking,3
exists,1
unchanged,1
interesting,2
helping,1
would,1
typing,1
wordlower,1
version,1
still,1
iterating,2
transforming,2
entire,3
thing,2
separate,1
doing,2
scroll,1
consolidated,1
values,1
longer,2
appropriate,1
lists,2
filter,1
converted,1
maybe,1
letters,2
spoke,1
about,3
append,1
statement,1
length,2
greater,3
include,2
condition,1
tweak,1
little,3
world,2
appearing,1
eight,1
makes,1
sense,1
because,2
talking,1
place,1
promised,1
simplify,1
based,1
setting,1
above,1
pythonic,2
blank,2
building,3
become,1
corresponding,1
number,1
following,1
replaced,1
results,1
simplified,1
taken,1
upwards,1
lines,1
shortened,1
power,1
enjoyed,1
